{"cameraMode":{"drawMode":0,"name":"Shaded","section":"Shading Mode"},"sceneLighting":true,"audioPlay":false,"sceneViewState":{"showFog":false,"showMaterialUpdate":false,"showSkybox":false,"showFlares":false,"showImageEffects":false,"showParticleSystems":false},"in2DMode":false,"pivot":{"x":3.615468978881836,"y":0.9316644668579102,"z":0.16243553161621095},"rotation":{"x":0.28768447041511538,"y":0.1754215806722641,"z":-0.05369037762284279,"w":0.9399905204772949},"size":15.323214530944825,"orthographic":false}