{"cameraMode":{"drawMode":0,"name":"Shaded","section":"Shading Mode"},"sceneLighting":false,"audioPlay":false,"sceneViewState":{"showFog":true,"showMaterialUpdate":true,"showSkybox":true,"showFlares":true,"showImageEffects":true,"showParticleSystems":true},"in2DMode":false,"pivot":{"x":0.12974309921264649,"y":0.6951596140861511,"z":0.005995988845825195},"rotation":{"x":-0.18758535385131837,"y":0.46183866262435915,"z":-0.10061424225568772,"w":-0.8610422015190125},"size":1.56951904296875,"orthographic":false}