{"cameraMode":{"drawMode":0,"name":"Shaded","section":"Shading Mode"},"sceneLighting":false,"audioPlay":false,"sceneViewState":{"showFog":true,"showMaterialUpdate":true,"showSkybox":true,"showFlares":true,"showImageEffects":true,"showParticleSystems":true},"in2DMode":false,"pivot":{"x":1.1920928955078126e-7,"y":0.0022481451742351057,"z":0.0},"rotation":{"x":0.35186806321144106,"y":0.23631145060062409,"z":-0.09228520840406418,"w":0.9010156393051148},"size":2.286853075027466,"orthographic":false}