{"cameraMode":{"drawMode":0,"name":"Shaded","section":"Shading Mode"},"sceneLighting":false,"audioPlay":false,"sceneViewState":{"showFog":true,"showMaterialUpdate":true,"showSkybox":true,"showFlares":true,"showImageEffects":true,"showParticleSystems":true},"in2DMode":false,"pivot":{"x":0.045046091079711917,"y":0.6621107459068298,"z":5.960464477539063e-8},"rotation":{"x":0.040355756878852847,"y":0.9418388605117798,"z":-0.12247327715158463,"w":0.31034064292907717},"size":1.2688167095184327,"orthographic":false}