{"cameraMode":{"drawMode":0,"name":"Shaded","section":"Shading Mode"},"sceneLighting":false,"audioPlay":false,"sceneViewState":{"showFog":true,"showMaterialUpdate":true,"showSkybox":true,"showFlares":true,"showImageEffects":true,"showParticleSystems":true},"in2DMode":false,"pivot":{"x":-0.02286115288734436,"y":0.005478352308273315,"z":0.1063145250082016},"rotation":{"x":-0.25833019614219668,"y":-0.3478947579860687,"z":0.1003442108631134,"w":-0.8956371545791626},"size":0.37844622135162356,"orthographic":false}