{"cameraMode":{"drawMode":0,"name":"Shaded","section":"Shading Mode"},"sceneLighting":false,"audioPlay":false,"sceneViewState":{"showFog":true,"showMaterialUpdate":true,"showSkybox":true,"showFlares":true,"showImageEffects":true,"showParticleSystems":true},"in2DMode":false,"pivot":{"x":2.0,"y":0.6661301255226135,"z":-1.9630709886550904},"rotation":{"x":-0.2813515365123749,"y":0.20972566306591035,"z":-0.06315648555755615,"w":-0.9342739582061768},"size":2.769519567489624,"orthographic":false}