{"cameraMode":{"drawMode":0,"name":"Shaded","section":"Shading Mode"},"sceneLighting":false,"audioPlay":false,"sceneViewState":{"showFog":true,"showMaterialUpdate":true,"showSkybox":true,"showFlares":true,"showImageEffects":true,"showParticleSystems":true},"in2DMode":false,"pivot":{"x":0.0,"y":0.0009999999310821295,"z":0.4999999701976776},"rotation":{"x":0.3459387719631195,"y":-0.6224814057350159,"z":0.3558413088321686,"w":0.6051614284515381},"size":1.6582293510437012,"orthographic":false}