{"cameraMode":{"drawMode":0,"name":"Shaded","section":"Shading Mode"},"sceneLighting":false,"audioPlay":false,"sceneViewState":{"showFog":true,"showMaterialUpdate":true,"showSkybox":true,"showFlares":true,"showImageEffects":true,"showParticleSystems":true},"in2DMode":false,"pivot":{"x":-2.9802322387695315e-8,"y":0.003000000026077032,"z":-2.9802322387695315e-8},"rotation":{"x":0.501400887966156,"y":0.015568134374916554,"z":-0.009023230522871018,"w":0.8650280237197876},"size":0.4666902720928192,"orthographic":false}