{"cameraMode":{"drawMode":0,"name":"Shaded","section":"Shading Mode"},"sceneLighting":false,"audioPlay":false,"sceneViewState":{"showFog":true,"showMaterialUpdate":true,"showSkybox":true,"showFlares":true,"showImageEffects":true,"showParticleSystems":true},"in2DMode":false,"pivot":{"x":2.0,"y":0.6661301255226135,"z":-1.9630709886550904},"rotation":{"x":-0.08038125932216644,"y":-0.9087429046630859,"z":0.20656105875968934,"w":-0.3536350429058075},"size":2.769519567489624,"orthographic":false}